{
  "id": "ed4-language-provider",
  "title": "Earthdawn Language Provider",
  "description": "Language provider for the Earthdawn 4th Edition game system for the Polyglot module for Foundry VTT.",
  "version": "1.0",
  "authors": [
    {
      "name": "CaptJack2883",
      "flags": {}
    }
  ],
  "compatibility": {
    "minimum": "10",
    "verified": "10"
  },
  "url": "https://github.com/CaptJack2883/ed4-language-provider",
  "manifest": "https://github.com/CaptJack2883/ed4-language-provider/releases/download/v1.0/module.json",
  "download": "https://github.com/CaptJack2883/ed4-language-provider/releases/download/v1.0/module.zip",
  "readme": "https://github.com/CaptJack2883/ed4-language-provider",
  "bugs": "https://github.com/CaptJack2883/ed4-language-provider/issues",
  "changelog": "https://github.com/CaptJack2883/ed4-language-provider/blob/master/CHANGELOG.md",
  "esmodules": [
    "scripts/ed4-language-provider.js"
  ]
}